PatientGender,AvgAge,StDevAge
Male,44,26.1876944239246
Female,44,25.9116189185166
